,utc_timestamp,xr_obs_u,xr_obs_v
5332,2008-09-10 00:19:59.999999+00:00,-7.80604749572297,-2.782889049880433
5333,2008-09-10 00:39:59.999998+00:00,-8.328739243438319,-2.3619409981786
5334,2008-09-10 00:59:59.999997+00:00,-8.705987967475886,-1.8471602799086253
5335,2008-09-10 01:19:59.999996+00:00,-8.91576683148488,-1.2555613350331694
5336,2008-09-10 01:40:00.000004+00:00,-8.947559918380867,-0.610952525560406
5337,2008-09-10 02:00:00.000003+00:00,-8.8049972884352,0.05904165951659257
5338,2008-09-10 02:20:00.000002+00:00,-8.505742119558095,0.7267162670551683
5339,2008-09-10 02:40:00.000001+00:00,-8.078626790601618,1.3679269418331548
5340,2008-09-10 03:00:00+00:00,-7.55870425307689,1.9648099774923735
5341,2008-09-10 03:19:59.999999+00:00,-6.981385118045208,2.506985763284069
5342,2008-09-10 03:39:59.999998+00:00,-6.377043736720632,2.9910278053379056
5343,2008-09-10 03:59:59.999997+00:00,-5.767345300110826,3.4184096351266158
5344,2008-09-10 04:19:59.999996+00:00,-5.164103661719917,3.7925169290945657
5345,2008-09-10 04:40:00.000004+00:00,-4.570837660420107,4.115537980215941
5346,2008-09-10 05:00:00.000003+00:00,-3.9865125724115313,4.386066416402738
5347,2008-09-10 05:20:00.000002+00:00,-3.4104042753754786,4.59806034121548
5348,2008-09-10 05:40:00.000001+00:00,-2.846743916827441,4.741450028176748
5349,2008-09-10 06:00:00+00:00,-2.3078605402103545,4.80426029758693
5350,2008-09-10 06:19:59.999999+00:00,-1.8149231052729167,4.77572083500949
5351,2008-09-10 06:39:59.999998+00:00,-1.3959952438371714,4.649576730357283
5352,2008-09-10 06:59:59.999997+00:00,-1.081802381099587,4.42674816298868
5353,2008-09-10 07:19:59.999996+00:00,-0.9001991518097046,4.116638599115815
5354,2008-09-10 07:40:00.000004+00:00,-0.8706678527728988,3.736717837436108
5355,2008-09-10 08:00:00.000003+00:00,-1.0001892667494137,3.3104280026793322
5356,2008-09-10 08:20:00.000002+00:00,-1.281502858818772,2.863871879207512
5357,2008-09-10 08:40:00.000001+00:00,-1.694194540200821,2.4220409244998224
5358,2008-09-10 09:00:00+00:00,-2.2083615258552216,2.0054504781305154
5359,2008-09-10 09:19:59.999999+00:00,-2.789977253850854,1.6279446094776642
5360,2008-09-10 09:39:59.999998+00:00,-3.4066713613207416,1.2961391192788492
5361,2008-09-10 09:59:59.999997+00:00,-4.032552019503312,1.0105620955608137
5362,2008-09-10 10:19:59.999996+00:00,-4.65095225241381,0.7681294760888582
5363,2008-09-10 10:40:00.000004+00:00,-5.254513721162381,0.5652641055516554
5364,2008-09-10 11:00:00.000003+00:00,-5.842697933005495,0.40081273332410383
5365,2008-09-10 11:20:00.000002+00:00,-6.417465632740484,0.27797500160810173
5366,2008-09-10 11:40:00.000001+00:00,-6.978327479262666,0.2047163354092545
5367,2008-09-10 12:00:00+00:00,-7.518126924369935,0.19252800079462062
5368,2008-09-10 12:19:59.999999+00:00,-8.02072999829495,0.2538240872566
5369,2008-09-10 12:39:59.999998+00:00,-8.461313179463513,0.3986196413258183
5370,2008-09-10 12:59:59.999997+00:00,-8.809280919023719,0.631327486911553
5371,2008-09-10 13:19:59.999996+00:00,-9.03317427064433,0.9484946935076977
5372,2008-09-10 13:40:00.000004+00:00,-9.106419302604333,1.3380769002117479
5373,2008-09-10 14:00:00.000003+00:00,-9.012537770462899,1.7804753834143177
5374,2008-09-10 14:20:00.000002+00:00,-8.748559522317306,2.251130933817242
5375,2008-09-10 14:40:00.000001+00:00,-8.325807734119183,2.724088002562625
5376,2008-09-10 15:00:00+00:00,-7.76786655225271,3.175707241358225
5377,2008-09-10 15:19:59.999999+00:00,-7.106226650456627,3.5876732474209074
5378,2008-09-10 15:39:59.999998+00:00,-6.374666261421156,3.9486247156873615
5379,2008-09-10 15:59:59.999997+00:00,-5.603723184770001,4.25408097708249
5380,2008-09-10 16:19:59.999996+00:00,-4.816572738527953,4.504765242016099
5381,2008-09-10 16:40:00.000004+00:00,-4.027258710246748,4.703823746180872
5382,2008-09-10 17:00:00.000003+00:00,-3.2416209220678516,4.85371190483961
5383,2008-09-10 17:20:00.000002+00:00,-2.460576294574775,4.9535951646927066
5384,2008-09-10 17:40:00.000001+00:00,-1.6848121206845024,4.997974725229932
5385,2008-09-10 18:00:00+00:00,-0.9195909242517877,4.976931236217214
5386,2008-09-10 18:19:59.999999+00:00,-0.1783358993332036,4.877962672031219
5387,2008-09-10 18:39:59.999998+00:00,0.5160278008015826,4.688980557375642
5388,2008-09-10 18:59:59.999997+00:00,1.132434398273124,4.401725122768915
5389,2008-09-10 19:19:59.999996+00:00,1.635515798410306,4.014741135208087
5390,2008-09-10 19:40:00.000004+00:00,1.9910603029194656,3.5351523403570093
5391,2008-09-10 20:00:00.000003+00:00,2.171816412818136,2.9787597472399296
5392,2008-09-10 20:20:00.000002+00:00,2.1622643394724235,2.3683959575320572
5393,2008-09-10 20:40:00.000001+00:00,1.9612188686431953,1.7308926774409783
5394,2008-09-10 21:00:00+00:00,1.581651194160132,1.093355375416575
5395,2008-09-10 21:19:59.999999+00:00,1.0477935356607495,0.4796036696576955
5396,2008-09-10 21:39:59.999998+00:00,0.3902498982738659,-0.09241254447166458
5397,2008-09-10 21:59:59.999997+00:00,-0.359685402229197,-0.6116605746217445
5398,2008-09-10 22:19:59.999996+00:00,-1.1751222929858747,-1.073363055959554
5399,2008-09-10 22:40:00.000004+00:00,-2.0368701039429347,-1.4768821976135724
5400,2008-09-10 23:00:00.000003+00:00,-2.934190145947438,-1.822768027546557
5401,2008-09-10 23:20:00.000002+00:00,-3.8629157174391135,-2.109793551540939
5402,2008-09-10 23:40:00.000001+00:00,-4.8215230259894835,-2.3327965338105967
5403,2008-09-11 00:00:00+00:00,-5.806260996535294,-2.481936934214035
5404,2008-09-11 00:19:59.999999+00:00,-6.806691782139862,-2.543613920246596
5405,2008-09-11 00:39:59.999998+00:00,-7.802895676439421,-2.5028585202740956
5406,2008-09-11 00:59:59.999997+00:00,-8.765178397272464,-2.3466348796522807
5407,2008-09-11 01:19:59.999996+00:00,-9.656489722934129,-2.0672410088734745
5408,2008-09-11 01:40:00.000004+00:00,-10.437077137130007,-1.6649599179915837
5409,2008-09-11 02:00:00.000003+00:00,-11.070329244998538,-1.1492844807842877
5410,2008-09-11 02:20:00.000002+00:00,-11.528452986066254,-0.5383815017713802
5411,2008-09-11 02:40:00.000001+00:00,-11.796654884400068,0.14311304246649037
5412,2008-09-11 03:00:00+00:00,-11.874853261908923,0.8674711892471794
5413,2008-09-11 03:19:59.999999+00:00,-11.776546670989902,1.6076447836188512
5414,2008-09-11 03:39:59.999998+00:00,-11.525154397215703,2.3405658054661775
5415,2008-09-11 03:59:59.999997+00:00,-11.148755331920832,3.0492358205168397
5416,2008-09-11 04:19:59.999996+00:00,-10.674529412456653,3.7231749616850913
5417,2008-09-11 04:40:00.000004+00:00,-10.124257308821363,4.35721552941593
5418,2008-09-11 05:00:00.000003+00:00,-9.511946557433982,4.949041563971852
5419,2008-09-11 05:20:00.000002+00:00,-8.844098763656742,5.496188527781693
5420,2008-09-11 05:40:00.000001+00:00,-8.12245189999708,5.993348682901932
5421,2008-09-11 06:00:00+00:00,-7.348395190670631,6.4307447918212395
5422,2008-09-11 06:19:59.999999+00:00,-6.5278214978861655,6.794058385594953
5423,2008-09-11 06:39:59.999998+00:00,-5.675062258599425,7.065998467702097
5424,2008-09-11 06:59:59.999997+00:00,-4.81477326512816,7.229172698346325
5425,2008-09-11 07:19:59.999996+00:00,-3.981149989966601,7.269582392114417
5426,2008-09-11 07:40:00.000004+00:00,-3.2145215587047056,7.179890608807065
5427,2008-09-11 08:00:00.000003+00:00,-2.5560341137721387,6.96165299581274
5428,2008-09-11 08:20:00.000002+00:00,-2.041622197346533,6.625943897027525
5429,2008-09-11 08:40:00.000001+00:00,-1.696657938865049,6.1921953897123325
5430,2008-09-11 09:00:00+00:00,-1.53251431738348,5.685498241007414
5431,2008-09-11 09:19:59.999999+00:00,-1.5458185734235816,5.132983716390032
5432,2008-09-11 09:39:59.999998+00:00,-1.7205197659350207,4.56012147628823
5433,2008-09-11 09:59:59.999997+00:00,-2.032213268583588,3.9877777187778145
5434,2008-09-11 10:19:59.999996+00:00,-2.4536247507478044,3.430677216573025
5435,2008-09-11 10:40:00.000004+00:00,-2.9598914179054185,2.897553859140855
5436,2008-09-11 11:00:00.000003+00:00,-3.5323548058258454,2.392846348502391
5437,2008-09-11 11:20:00.000002+00:00,-4.159977193335839,1.9194067414039098
5438,2008-09-11 11:40:00.000001+00:00,-4.838112489356574,1.4814367197906302
5439,2008-09-11 12:00:00+00:00,-5.565046556538114,1.0868133063356238
5440,2008-09-11 12:19:59.999999+00:00,-6.337299385641174,0.7481254262596684
5441,2008-09-11 12:39:59.999998+00:00,-7.145007141305744,0.4820751026422796
5442,2008-09-11 12:59:59.999997+00:00,-7.968693770732813,0.30731868914763005
5443,2008-09-11 13:19:59.999996+00:00,-8.778401551413928,0.2412284098278885
5444,2008-09-11 13:40:00.000004+00:00,-9.535562095680614,0.29634097975374374
5445,2008-09-11 14:00:00.000003+00:00,-10.197301833326513,0.4773557756386211
5446,2008-09-11 14:20:00.000002+00:00,-10.722260250558078,0.7794257470763646
5447,2008-09-11 14:40:00.000001+00:00,-11.076610044249168,1.1881792020430453
5448,2008-09-11 15:00:00+00:00,-11.238903320356401,1.681495747179635
5449,2008-09-11 15:19:59.999999+00:00,-11.202643716532418,2.2326383890241805
5450,2008-09-11 15:39:59.999998+00:00,-10.976032235328073,2.814021128775148
5451,2008-09-11 15:59:59.999997+00:00,-10.57901796936466,3.400747606461743
5452,2008-09-11 16:19:59.999996+00:00,-10.038433163547198,3.97312720421459
5453,2008-09-11 16:40:00.000004+00:00,-9.382443694556097,4.517641966246972
5454,2008-09-11 17:00:00.000003+00:00,-8.635688454375442,5.0262341064664255
5455,2008-09-11 17:20:00.000002+00:00,-7.8162796461452935,5.494209614927154
5456,2008-09-11 17:40:00.000001+00:00,-6.935341781937193,5.917402098073925
5457,2008-09-11 18:00:00+00:00,-5.99910485676199,6.289424904701876
5458,2008-09-11 18:19:59.999999+00:00,-5.012903413662471,6.5998127670786575
5459,2008-09-11 18:39:59.999998+00:00,-3.9859349719401775,6.833623427868904
5460,2008-09-11 18:59:59.999997+00:00,-2.935424070767328,6.972692996031963
5461,2008-09-11 19:19:59.999996+00:00,-1.8889741207976178,6.998310773936089
5462,2008-09-11 19:40:00.000004+00:00,-0.8843354037113383,6.8947074360839515
5463,2008-09-11 20:00:00.000003+00:00,0.0335385661840657,6.652528516149953
5464,2008-09-11 20:20:00.000002+00:00,0.8175926244515349,6.271449010422998
5465,2008-09-11 20:40:00.000001+00:00,1.4248280725596028,5.761279276908416
5466,2008-09-11 21:00:00+00:00,1.8221390017710553,5.141269107472104
5467,2008-09-11 21:19:59.999999+00:00,1.990512100596813,4.437747134677448
5468,2008-09-11 21:39:59.999998+00:00,1.92666381035976,3.6806294075910264
5469,2008-09-11 21:59:59.999997+00:00,1.6418054828500617,2.899595305531049
5470,2008-09-11 22:19:59.999996+00:00,1.1579183007500566,2.1207950718215685
5471,2008-09-11 22:40:00.000004+00:00,0.5025128489316195,1.3648055929254062
5472,2008-09-11 23:00:00.000003+00:00,-0.2968044490730654,0.6462263024767889
5473,2008-09-11 23:20:00.000002+00:00,-1.216620356246086,-0.02511227974175334
5474,2008-09-11 23:40:00.000001+00:00,-2.239841019464942,-0.6417640203219603
5475,2008-09-12 00:00:00+00:00,-3.355210352810386,-1.1958393486360315
5476,2008-09-12 00:19:59.999999+00:00,-4.554458333007134,-1.676575570701826
5477,2008-09-12 00:39:59.999998+00:00,-5.827937199474615,-2.069040962795472
5478,2008-09-12 00:59:59.999997+00:00,-7.160005121310762,-2.3544145568226407
5479,2008-09-12 01:19:59.999996+00:00,-8.525498860143735,-2.511875767376071
5480,2008-09-12 01:40:00.000004+00:00,-9.888377365338844,-2.521718430317655
5481,2008-09-12 02:00:00.000003+00:00,-11.20308292910096,-2.368978325357072
5482,2008-09-12 02:20:00.000002+00:00,-12.418488048926863,-2.046713476710802
5483,2008-09-12 02:40:00.000001+00:00,-13.483645144862368,-1.5581408206065621
5484,2008-09-12 03:00:00+00:00,-14.354095494066804,-0.917095587631839
5485,2008-09-12 03:19:59.999999+00:00,-14.99733888027744,-0.14667583808203588
5486,2008-09-12 03:39:59.999998+00:00,-15.396255646543128,0.7236345468947198
5487,2008-09-12 03:59:59.999997+00:00,-15.54976092762829,1.6617126663314052
5488,2008-09-12 04:19:59.999996+00:00,-15.470635302353376,2.636564800835618
5489,2008-09-12 04:40:00.000004+00:00,-15.181151037056733,3.621280847511643
5490,2008-09-12 05:00:00.000003+00:00,-14.707630677420891,4.5945599069681595
5491,2008-09-12 05:20:00.000002+00:00,-14.075305884633199,5.540562414944677
5492,2008-09-12 05:40:00.000001+00:00,-13.304732504210287,6.4472724442299505
5493,2008-09-12 06:00:00+00:00,-12.410591833665782,7.3039319838722845
5494,2008-09-12 06:19:59.999999+00:00,-11.403075701496169,8.098342273862087
5495,2008-09-12 06:39:59.999998+00:00,-10.29137366852083,8.814857128663679
5496,2008-09-12 06:59:59.999997+00:00,-9.088225594415322,9.433712141130739
5497,2008-09-12 07:19:59.999996+00:00,-7.8142115383464965,9.931987435915916
5498,2008-09-12 07:40:00.000004+00:00,-6.500497924177206,10.286076782773584
5499,2008-09-12 08:00:00.000003+00:00,-5.189131831837676,10.475139906089122
5500,2008-09-12 08:20:00.000002+00:00,-3.9305822921068216,10.484746707730586
5501,2008-09-12 08:40:00.000001+00:00,-2.7789160577613634,10.30985008351847
5502,2008-09-12 09:00:00+00:00,-1.7855934167833547,9.956366544287519
5503,2008-09-12 09:19:59.999999+00:00,-0.9932272151761203,9.440966010555027
5504,2008-09-12 09:39:59.999998+00:00,-0.4306755213311157,8.789093967103234
5505,2008-09-12 09:59:59.999997+00:00,-0.11052804231509028,8.031665786100385
5506,2008-09-12 10:19:59.999996+00:00,-0.029475464402605178,7.20118064472693
5507,2008-09-12 10:40:00.000004+00:00,-0.1713619255310339,6.328125186821023
5508,2008-09-12 11:00:00.000003+00:00,-0.5120849714921433,5.43844418278922
5509,2008-09-12 11:20:00.000002+00:00,-1.0250834370656965,4.552571437565403
5510,2008-09-12 11:40:00.000001+00:00,-1.686046427564971,3.6861103158482376
5511,2008-09-12 12:00:00+00:00,-2.4757118709686896,2.851831253557336
5512,2008-09-12 12:19:59.999999+00:00,-3.380140827049023,2.0623194612603823
5513,2008-09-12 12:39:59.999998+00:00,-4.3885230746451125,1.3324435711141271
5514,2008-09-12 12:59:59.999997+00:00,-5.489221627859456,0.680866014376452
5515,2008-09-12 13:19:59.999996+00:00,-6.6652346977766905,0.13006560502291808
5516,2008-09-12 13:40:00.000004+00:00,-7.890423701792392,-0.29527015389827405
5517,2008-09-12 14:00:00.000003+00:00,-9.12768286749078,-0.5711991582886489
5518,2008-09-12 14:20:00.000002+00:00,-10.329751551168572,-0.678182166945219
5519,2008-09-12 14:40:00.000001+00:00,-11.442713677058713,-0.6045997552337519
5520,2008-09-12 15:00:00+00:00,-12.41155370286397,-0.34929304942454653
5521,2008-09-12 15:19:59.999999+00:00,-13.186614368009316,0.07749148853951704
5522,2008-09-12 15:39:59.999998+00:00,-13.729559662444434,0.6550024868313948
5523,2008-09-12 15:59:59.999997+00:00,-14.017547897094438,1.3545455230869528
5524,2008-09-12 16:19:59.999996+00:00,-14.044739771414807,2.143134846556472
5525,2008-09-12 16:40:00.000004+00:00,-13.820900135454988,2.9874167628502093
5526,2008-09-12 17:00:00.000003+00:00,-13.367542413902601,3.8570025971530812
5527,2008-09-12 17:20:00.000002+00:00,-12.712638989578378,4.726517727047065
5528,2008-09-12 17:40:00.000001+00:00,-11.885236911310429,5.576011724765174
5529,2008-09-12 18:00:00+00:00,-10.911297972818458,6.389797688064531
5530,2008-09-12 18:19:59.999999+00:00,-9.811731903350774,7.154190036649514
5531,2008-09-12 18:39:59.999998+00:00,-8.603000112890863,7.854888642130643
5532,2008-09-12 18:59:59.999997+00:00,-7.299984577763391,8.474843182998782
5533,2008-09-12 19:19:59.999996+00:00,-5.920213885791654,8.993303740723032
5534,2008-09-12 19:40:00.000004+00:00,-4.488168981186047,9.38645362330826
5535,2008-09-12 20:00:00.000003+00:00,-3.0383470248670816,9.629606881245117
5536,2008-09-12 20:20:00.000002+00:00,-1.6160560008518168,9.700539308457817
5537,2008-09-12 20:40:00.000001+00:00,-0.27547132512267114,9.583212569906163
5538,2008-09-12 21:00:00+00:00,0.9248304893276769,9.271024389963634
5539,2008-09-12 21:19:59.999999+00:00,1.9280083260362164,8.768806046049113
5540,2008-09-12 21:39:59.999998+00:00,2.6854784989787026,8.093070459020632
5541,2008-09-12 21:59:59.999997+00:00,3.1624202109826545,7.270420258422847
5542,2008-09-12 22:19:59.999996+00:00,3.3410893197101936,6.334454318253149
5543,2008-09-12 22:40:00.000004+00:00,3.2212801890036538,5.321857299202147
5544,2008-09-12 23:00:00.000003+00:00,2.81795087327468,4.268533222350584
5545,2008-09-12 23:20:00.000002+00:00,2.1566940416144034,3.2066083152962976
5546,2008-09-12 23:40:00.000001+00:00,1.268229520387351,2.1628895926018865
5547,2008-09-13 00:00:00+00:00,0.1832915728371367,1.158984494149565
5548,2008-09-13 00:19:59.999999+00:00,-1.07086293851532,0.2128593527470013
5549,2008-09-13 00:39:59.999998+00:00,-2.47155236613251,-0.6587520282768393
5550,2008-09-13 00:59:59.999997+00:00,-3.9992450211018045,-1.4378917441771035
5551,2008-09-13 01:19:59.999996+00:00,-5.63415474849945,-2.1036820826472686
5552,2008-09-13 01:40:00.000004+00:00,-7.351932326778577,-2.6319980194093606
5553,2008-09-13 02:00:00.000003+00:00,-9.119784193737058,-2.9967565062887225
5554,2008-09-13 02:20:00.000002+00:00,-10.89426539870654,-3.1726448684560875
5555,2008-09-13 02:40:00.000001+00:00,-12.621589354765238,-3.1387246891391154
5556,2008-09-13 03:00:00+00:00,-14.240673306928482,-2.8820990647210616
5557,2008-09-13 03:19:59.999999+00:00,-15.68845149671378,-2.4007831756015925
5558,2008-09-13 03:39:59.999998+00:00,-16.906409837089946,-1.7050836249216994
5559,2008-09-13 03:59:59.999997+00:00,-17.84697147959198,-0.8171305051717015
5560,2008-09-13 04:19:59.999996+00:00,-18.47837401812586,0.23136635198002953
5561,2008-09-13 04:40:00.000004+00:00,-18.787023295605028,1.4026545979954035
5562,2008-09-13 05:00:00.000003+00:00,-18.776901730002628,2.6569960700929043
5563,2008-09-13 05:20:00.000002+00:00,-18.466302095723893,3.9563680157572163
5564,2008-09-13 05:40:00.000001+00:00,-17.882779271729014,5.267048460435653
5565,2008-09-13 06:00:00+00:00,-17.0576078963314,6.560625816121579
5566,2008-09-13 06:19:59.999999+00:00,-16.021105645796876,7.81338333963203
5567,2008-09-13 06:39:59.999998+00:00,-14.799913470585057,9.00442627270021
5568,2008-09-13 06:59:59.999997+00:00,-13.416784392846775,10.1132384965339
5569,2008-09-13 07:19:59.999996+00:00,-11.892757671311026,11.117496572362748
5570,2008-09-13 07:40:00.000004+00:00,-10.250956493318863,11.99189601416796
5571,2008-09-13 08:00:00.000003+00:00,-8.520804853190207,12.70847719779244
5572,2008-09-13 08:20:00.000002+00:00,-6.741326028622345,13.238542624153865
5573,2008-09-13 08:40:00.000001+00:00,-4.962394532525449,13.55583375879553
5574,2008-09-13 09:00:00+00:00,-3.2433141151812173,13.640290773545463
5575,2008-09-13 09:19:59.999999+00:00,-1.6487612218594534,13.481539508882346
5576,2008-09-13 09:39:59.999998+00:00,-0.24279938642563803,13.081282600684013
5577,2008-09-13 09:59:59.999997+00:00,0.9178315017130803,12.454008839149582
5578,2008-09-13 10:19:59.999996+00:00,1.7897419058707622,11.625817978909557
5579,2008-09-13 10:40:00.000004+00:00,2.3469653267648605,10.631592799801115
5580,2008-09-13 11:00:00.000003+00:00,2.582257875302238,9.511128042144236
5581,2008-09-13 11:20:00.000002+00:00,2.5054550399115856,8.305053696592518
5582,2008-09-13 11:40:00.000001+00:00,2.1394033882428465,7.051411681566304
5583,2008-09-13 12:00:00+00:00,1.5145392079557638,5.783555774326165
5584,2008-09-13 12:19:59.999999+00:00,0.663469978914144,4.529692901511485
5585,2008-09-13 12:39:59.999998+00:00,-0.38314146908160884,3.3139582672709715
5586,2008-09-13 12:59:59.999997+00:00,-1.5984704994237997,2.158524463063959
5587,2008-09-13 13:19:59.999996+00:00,-2.958890233562498,1.0859838728143334
5588,2008-09-13 13:40:00.000004+00:00,-4.441166587583812,0.12118058816430022
5589,2008-09-13 14:00:00.000003+00:00,-6.018441594522666,-0.7081828079851151
5590,2008-09-13 14:20:00.000002+00:00,-7.656295047001837,-1.3725132920132719
5591,2008-09-13 14:40:00.000001+00:00,-9.310180743817385,-1.842801926862597
5592,2008-09-13 15:00:00+00:00,-10.92520624568159,-2.0941303376606264
5593,2008-09-13 15:19:59.999999+00:00,-12.438645564559014,-2.109442952757713
5594,2008-09-13 15:39:59.999998+00:00,-13.784887503984681,-1.8827156595503518
5595,2008-09-13 15:59:59.999997+00:00,-14.901900353709404,-1.42076374164873
5596,2008-09-13 16:19:59.999996+00:00,-15.737892783512297,-0.7432324806068089
5597,2008-09-13 16:40:00.000004+00:00,-16.25677117210296,0.1192713250604458
5598,2008-09-13 17:00:00.000003+00:00,-16.441257331153036,1.1285224414567205
5599,2008-09-13 17:20:00.000002+00:00,-16.293071292339533,2.2427782222494494
5600,2008-09-13 17:40:00.000001+00:00,-15.83026825891103,3.420765031422691
5601,2008-09-13 18:00:00+00:00,-15.082476575853635,4.624735935453639
5602,2008-09-13 18:19:59.999999+00:00,-14.085251563635662,5.822042731638381
5603,2008-09-13 18:39:59.999998+00:00,-12.874922704102897,6.985056201992016
5604,2008-09-13 18:59:59.999997+00:00,-11.485130023244196,8.089694370606766
5605,2008-09-13 19:19:59.999996+00:00,-9.945766418288034,9.11317275123868
5606,2008-09-13 19:40:00.000004+00:00,-8.28438859930849,10.031783410561614
5607,2008-09-13 20:00:00.000003+00:00,-6.529494426386006,10.819493985171352
5608,2008-09-13 20:20:00.000002+00:00,-4.714557838954108,11.44793656466866
5609,2008-09-13 20:40:00.000001+00:00,-2.8814915972092483,11.88798618692713
5610,2008-09-13 21:00:00+00:00,-1.0823293324207646,12.11270256677964
5611,2008-09-13 21:19:59.999999+00:00,0.6216478260757387,12.10103419267434
5612,2008-09-13 21:39:59.999998+00:00,2.1634767518431013,11.841455791631695
5613,2008-09-13 21:59:59.999997+00:00,3.4762239563375976,11.334686600601914
5614,2008-09-13 22:19:59.999996+00:00,4.499741606953596,10.59482484447972
5615,2008-09-13 22:40:00.000004+00:00,5.187076040181252,9.648587632150534
5616,2008-09-13 23:00:00.000003+00:00,5.509187314628014,8.532777485164594
5617,2008-09-13 23:20:00.000002+00:00,5.457016199304346,7.290500169889883
5618,2008-09-13 23:40:00.000001+00:00,5.040547916059496,5.9669333978015064
5619,2008-09-14 00:00:00+00:00,4.285217417504639,4.6055246005803765
5620,2008-09-14 00:19:59.999999+00:00,3.2266065134939104,3.245359671100085
5621,2008-09-14 00:39:59.999998+00:00,1.9047487870017532,1.9201282907490658
5622,2008-09-14 00:59:59.999997+00:00,0.35939427915936983,0.6586952583697316
5623,2008-09-14 01:19:59.999996+00:00,-1.3727152440178794,-0.513124509929642
5624,2008-09-14 01:40:00.000004+00:00,-3.258069891274637,-1.570292603687716
5625,2008-09-14 02:00:00.000003+00:00,-5.26430221526318,-2.4866001520302214
5626,2008-09-14 02:20:00.000002+00:00,-7.35659707681265,-3.2337769575746735
5627,2008-09-14 02:40:00.000001+00:00,-9.493826058694037,-3.7821017622221706
5628,2008-09-14 03:00:00+00:00,-11.62572840043633,-4.102555919333639
5629,2008-09-14 03:19:59.999999+00:00,-13.692215934495316,-4.170143605319421
5630,2008-09-14 03:39:59.999998+00:00,-15.625354481536373,-3.967672058411354
5631,2008-09-14 03:59:59.999997+00:00,-17.35389972037982,-3.4891288292572833
5632,2008-09-14 04:19:59.999996+00:00,-18.80961122324645,-2.7418499576497246
5633,2008-09-14 04:40:00.000004+00:00,-19.934097144210455,-1.746930507150858
5634,2008-09-14 05:00:00.000003+00:00,-20.684774579781998,-0.5377235770638962
5635,2008-09-14 05:20:00.000002+00:00,-21.038707876624255,0.8432916013502321
5636,2008-09-14 05:40:00.000001+00:00,-20.993567270981348,2.348625242392341
5637,2008-09-14 06:00:00+00:00,-20.565613829343114,3.9300208129195426
5638,2008-09-14 06:19:59.999999+00:00,-19.7852992880891,5.541972892163172
5639,2008-09-14 06:39:59.999998+00:00,-18.69160182537029,7.14387435023744
5640,2008-09-14 06:59:59.999997+00:00,-17.326469632947333,8.700512319804355
5641,2008-09-14 07:19:59.999996+00:00,-15.730652127329504,10.181059996297535
5642,2008-09-14 07:40:00.000004+00:00,-13.941789447424732,11.55709362193068
5643,2008-09-14 08:00:00.000003+00:00,-11.995007743673128,12.800406684103292
5644,2008-09-14 08:20:00.000002+00:00,-9.925589514873442,13.881434031991203
5645,2008-09-14 08:40:00.000001+00:00,-7.772725600204184,14.768928403642182
5646,2008-09-14 09:00:00+00:00,-5.583050899043465,15.431193397114342
5647,2008-09-14 09:19:59.999999+00:00,-3.4126967021292276,15.838755787205752
5648,2008-09-14 09:39:59.999998+00:00,-1.3269516755286541,15.967962627216432
5649,2008-09-14 09:59:59.999997+00:00,0.6027783609050035,15.804715377376382
5650,2008-09-14 10:19:59.999996+00:00,2.3043350039488715,15.347473990128641
5651,2008-09-14 10:40:00.000004+00:00,3.711514895574642,14.608799548293371
5652,2008-09-14 11:00:00.000003+00:00,4.770771006588232,13.61502217479055
5653,2008-09-14 11:20:00.000002+00:00,5.446517411770854,12.404043058901957
5654,2008-09-14 11:40:00.000001+00:00,5.723946770814514,11.021701323059549
5655,2008-09-14 12:00:00+00:00,5.608835077159046,9.51745366947141
5656,2008-09-14 12:19:59.999999+00:00,5.124499744491494,7.940249088993405
5657,2008-09-14 12:39:59.999998+00:00,4.306723340836805,6.335399828208182
5658,2008-09-14 12:59:59.999997+00:00,3.1978963746365676,4.742974677998355
5659,2008-09-14 13:19:59.999996+00:00,1.8417597248469333,3.197840693259402
5660,2008-09-14 13:40:00.000004+00:00,0.279911298516172,1.7310564896290694
5661,2008-09-14 14:00:00.000003+00:00,-1.4492624909199967,0.3719789896829049
5662,2008-09-14 14:20:00.000002+00:00,-3.3092329410868,-0.8497269208102569
5663,2008-09-14 14:40:00.000001+00:00,-5.262210472064532,-1.902947930618847
5664,2008-09-14 15:00:00+00:00,-7.265399866510529,-2.7553833984382425
5665,2008-09-14 15:19:59.999999+00:00,-9.267953615895868,-3.375360097923699
5666,2008-09-14 15:39:59.999998+00:00,-11.209790422849817,-3.7349279582519705
5667,2008-09-14 15:59:59.999997+00:00,-13.022984494131565,-3.8136023041925418
5668,2008-09-14 16:19:59.999996+00:00,-14.635781565577767,-3.6019110441434643
5669,2008-09-14 16:40:00.000004+00:00,-15.978621218418219,-3.103905929740524
5670,2008-09-14 17:00:00.000003+00:00,-16.991013791259757,-2.3380069687334957
5671,2008-09-14 17:20:00.000002+00:00,-17.62786601736118,-1.3359167782362151
5672,2008-09-14 17:40:00.000001+00:00,-17.863938506810225,-0.13977671913156198
5673,2008-09-14 18:00:00+00:00,-17.69552888662104,1.2018686420304259
5674,2008-09-14 18:19:59.999999+00:00,-17.13910571601015,2.6384753426889094
5675,2008-09-14 18:39:59.999998+00:00,-16.227313878978457,4.1213928364437615
5676,2008-09-14 18:59:59.999997+00:00,-15.003359833084492,5.6065244685335855
5677,2008-09-14 19:19:59.999996+00:00,-13.515119421580577,7.055365978613689
5678,2008-09-14 19:40:00.000004+00:00,-11.810310914637927,8.434453109120984
5679,2008-09-14 20:00:00.000003+00:00,-9.9337426679316,9.713654744164728
5680,2008-09-14 20:20:00.000002+00:00,-7.927064592785141,10.864034763742934
5681,2008-09-14 20:40:00.000001+00:00,-5.830772081444283,11.856103151425168
5682,2008-09-14 21:00:00+00:00,-3.6876024224053667,12.659160307709845
5683,2008-09-14 21:19:59.999999+00:00,-1.5460808037754572,13.242137828814625
5684,2008-09-14 21:39:59.999998+00:00,0.5370873089672044,13.575930270245472
5685,2008-09-14 21:59:59.999997+00:00,2.49680234700415,13.636798950360433
5686,2008-09-14 22:19:59.999996+00:00,4.262013337480881,13.410115441691337
5687,2008-09-14 22:40:00.000004+00:00,5.760615110317325,12.89357864153683
5688,2008-09-14 23:00:00.000003+00:00,6.925957706359963,12.099120425885866
5689,2008-09-14 23:20:00.000002+00:00,7.703684125321144,11.052991672656145
5690,2008-09-14 23:40:00.000001+00:00,8.057482768596032,9.793925305905795
5691,2008-09-15 00:00:00+00:00,7.972556169596393,8.3697059093048
5692,2008-09-15 00:19:59.999999+00:00,7.456115716367451,6.832829402845973
5693,2008-09-15 00:39:59.999998+00:00,6.5348875867135705,5.236123917514166
5694,2008-09-15 00:59:59.999997+00:00,5.2502909049506385,3.6291786411423024
5695,2008-09-15 01:19:59.999996+00:00,3.6524577281178607,2.056197698700167
5696,2008-09-15 01:40:00.000004+00:00,1.7944812946266007,0.5555204868201695
5697,2008-09-15 02:00:00.000003+00:00,-0.27184907955022375,-0.8393785943158623
5698,2008-09-15 02:20:00.000002+00:00,-2.498005954670265,-2.0979701317462434
5699,2008-09-15 02:40:00.000001+00:00,-4.838190736982219,-3.1906119549962133
5700,2008-09-15 03:00:00+00:00,-7.246799830383016,-4.087154729430621
5701,2008-09-15 03:19:59.999999+00:00,-9.674921199841076,-4.756821505904793
5702,2008-09-15 03:39:59.999998+00:00,-12.067163983374705,-5.169620770735413
5703,2008-09-15 03:59:59.999997+00:00,-14.360056504949714,-5.299129662024662
5704,2008-09-15 04:19:59.999996+00:00,-16.482859080938347,-5.126096457800273
5705,2008-09-15 04:40:00.000004+00:00,-18.3610230777892,-4.642057297018079
5706,2008-09-15 05:00:00.000003+00:00,-19.921843388480983,-3.8521068200932382
5707,2008-09-15 05:20:00.000002+00:00,-21.101267487830793,-2.7761209202167247
5708,2008-09-15 05:40:00.000001+00:00,-21.85048933363907,-1.4480642192380393
5709,2008-09-15 06:00:00+00:00,-22.14095507460535,0.08655714548943272
5710,2008-09-15 06:19:59.999999+00:00,-21.966741882185268,1.7746209762815064
5711,2008-09-15 06:39:59.999998+00:00,-21.343859279664706,3.5599152863519334
5712,2008-09-15 06:59:59.999997+00:00,-20.306718866218155,5.387375828483112
5713,2008-09-15 07:19:59.999996+00:00,-18.902650789332792,7.206249512027487
5714,2008-09-15 07:40:00.000004+00:00,-17.185757968920363,8.971690624607238
5715,2008-09-15 08:00:00.000003+00:00,-15.211490148693034,10.644704997700853
5716,2008-09-15 08:20:00.000002+00:00,-13.033069308151115,12.190776931347653
5717,2008-09-15 08:40:00.000001+00:00,-10.700370264481545,13.577840667233415
5718,2008-09-15 09:00:00+00:00,-8.261189641053136,14.774410117698212
5719,2008-09-15 09:19:59.999999+00:00,-5.76419238420192,15.748619820835321
5720,2008-09-15 09:39:59.999998+00:00,-3.2623703335900713,16.468672485265742
5721,2008-09-15 09:59:59.999997+00:00,-0.8156971073295496,16.90479931843557
5722,2008-09-15 10:19:59.999996+00:00,1.5081446503630291,17.032417310339973
5723,2008-09-15 10:40:00.000004+00:00,3.6355998744659477,16.835819262927775
5724,2008-09-15 11:00:00.000003+00:00,5.491618791422186,16.311546961943606
5725,2008-09-15 11:20:00.000002+00:00,7.005885868460143,15.470622689923612
5726,2008-09-15 11:40:00.000001+00:00,8.119704455210254,14.33904513792794
5727,2008-09-15 12:00:00+00:00,8.792124485601189,12.9563362237773
5728,2008-09-15 12:19:59.999999+00:00,9.004028180567786,11.372361697846774
5729,2008-09-15 12:39:59.999998+00:00,8.759330726645652,9.643032888535512
5730,2008-09-15 12:59:59.999997+00:00,8.083100711921187,7.8257347261031285
5731,2008-09-15 13:19:59.999996+00:00,7.017098472033418,5.975357458468113
5732,2008-09-15 13:40:00.000004+00:00,5.6137982353725215,4.141630367556241
5733,2008-09-15 14:00:00.000003+00:00,3.9302618819055377,2.368109295629317
5734,2008-09-15 14:20:00.000002+00:00,2.023195110049553,0.692744991492594
5735,2008-09-15 14:40:00.000001+00:00,-0.053847825526582405,-0.8504382064514839
5736,2008-09-15 15:00:00+00:00,-2.2507434985331343,-2.229293899860261
5737,2008-09-15 15:19:59.999999+00:00,-4.518876797488938,-3.4119512490050328
5738,2008-09-15 15:39:59.999998+00:00,-6.807922053628785,-4.366336747752822
5739,2008-09-15 15:59:59.999997+00:00,-9.06258563847636,-5.0611824714020575
5740,2008-09-15 16:19:59.999996+00:00,-11.220592447014866,-5.468469739193874
5741,2008-09-15 16:40:00.000004+00:00,-13.212887433536713,-5.566850252483812
5742,2008-09-15 17:00:00.000003+00:00,-14.966456441857833,-5.34529058412824
5743,2008-09-15 17:20:00.000002+00:00,-16.409488054409866,-4.806075124715111
5744,2008-09-15 17:40:00.000001+00:00,-17.477973282368065,-3.966407220493696
5745,2008-09-15 18:00:00+00:00,-18.122429600343512,-2.8581433863154606
5746,2008-09-15 18:19:59.999999+00:00,-18.313344477981943,-1.52560891171442
5747,2008-09-15 18:39:59.999998+00:00,-18.04418576931782,-0.02187288972247181
5748,2008-09-15 18:59:59.999997+00:00,-17.331360926821937,1.5957993576783887
5749,2008-09-15 19:19:59.999996+00:00,-16.211192154985426,3.2704325604156734
5750,2008-09-15 19:40:00.000004+00:00,-14.734641214619813,4.948930068589376
5751,2008-09-15 20:00:00.000003+00:00,-12.961000726873024,6.584177814783867
5752,2008-09-15 20:20:00.000002+00:00,-10.951950081366396,8.135463645980915
5753,2008-09-15 20:40:00.000001+00:00,-8.767210171751591,9.567439830281891
5754,2008-09-15 21:00:00+00:00,-6.462565392568896,10.84821755901536
5755,2008-09-15 21:19:59.999999+00:00,-4.090372232549231,11.947386236085379
5756,2008-09-15 21:39:59.999998+00:00,-1.7020056322306711,12.834746547703507
5757,2008-09-15 21:59:59.999997+00:00,0.6488240621085812,13.48033626991412
5758,2008-09-15 22:19:59.999996+00:00,2.9031890674848984,13.855965238337518
5759,2008-09-15 22:40:00.000004+00:00,4.995699036992052,13.938052234946205
5760,2008-09-15 23:00:00.000003+00:00,6.855677464926505,13.711180037745605
5761,2008-09-15 23:20:00.000002+00:00,8.410915465858798,13.171550414119945
5762,2008-09-15 23:40:00.000001+00:00,9.593478234563053,12.32948933551239
5763,2008-09-16 00:00:00+00:00,10.346477978584524,11.210333408187982
5764,2008-09-16 00:19:59.999999+00:00,10.63042679721485,9.853377915462627
5765,2008-09-16 00:39:59.999998+00:00,10.427820733376471,8.30899903854115
5766,2008-09-16 00:59:59.999997+00:00,9.744974564369638,6.634471183861859
5767,2008-09-16 01:19:59.999996+00:00,8.610735623177796,4.889283580058455
5768,2008-09-16 01:40:00.000004+00:00,7.072404079255952,3.1308497831204134
5769,2008-09-16 02:00:00.000003+00:00,5.189803708096843,1.4113765644901282
5770,2008-09-16 02:20:00.000002+00:00,3.0288293876299957,-0.22365093418656556
5771,2008-09-16 02:40:00.000001+00:00,0.6558519275644894,-1.7353257907193402
5772,2008-09-16 03:00:00+00:00,-1.8659239837442363,-3.089891177798364
5773,2008-09-16 03:19:59.999999+00:00,-4.477603535102286,-4.256713229294704
5774,2008-09-16 03:39:59.999998+00:00,-7.1233787465411025,-5.206471460490708
5775,2008-09-16 03:59:59.999997+00:00,-9.747701656126514,-5.91030055367339
5776,2008-09-16 04:19:59.999996+00:00,-12.292044579640692,-6.340342744241132
5777,2008-09-16 04:40:00.000004+00:00,-14.692552658853433,-6.4717728562037795
5778,2008-09-16 05:00:00.000003+00:00,-16.8796684443641,-6.285939908657938
5779,2008-09-16 05:20:00.000002+00:00,-18.78029685431541,-5.77393535764278
5780,2008-09-16 05:40:00.000001+00:00,-20.32241182369154,-4.939734291910289
5781,2008-09-16 06:00:00+00:00,-21.441350499209555,-3.802104637738785
5782,2008-09-16 06:19:59.999999+00:00,-22.08656256783717,-2.394730201305844
5783,2008-09-16 06:39:59.999998+00:00,-22.227402602368596,-0.7643850250954709
5784,2008-09-16 06:59:59.999997+00:00,-21.856719073889487,1.0325673015495132
5785,2008-09-16 07:19:59.999996+00:00,-20.991465530577422,2.9347032828427
5786,2008-09-16 07:40:00.000004+00:00,-19.670221461585953,4.880234092807777
5787,2008-09-16 08:00:00.000003+00:00,-17.948199270012832,6.810992718393901
5788,2008-09-16 08:20:00.000002+00:00,-15.890859317378368,8.675042047187477
5789,2008-09-16 08:40:00.000001+00:00,-13.567523123321788,10.427592195720973
5790,2008-09-16 09:00:00+00:00,-11.046300618898055,12.030343420595102
5791,2008-09-16 09:19:59.999999+00:00,-8.391251653877571,13.449759873169027
5792,2008-09-16 09:39:59.999998+00:00,-5.662085794805462,14.655031967111015
5793,2008-09-16 09:59:59.999997+00:00,-2.9160240318627815,15.616538321180208
5794,2008-09-16 10:19:59.999996+00:00,-0.21087231533254241,16.30545982408822
5795,2008-09-16 10:40:00.000004+00:00,2.3919636663134454,16.694868207941187
5796,2008-09-16 11:00:00.000003+00:00,4.825782242967812,16.762194674438263
5797,2008-09-16 11:20:00.000002+00:00,7.019125598117873,16.492585182653055
5798,2008-09-16 11:40:00.000001+00:00,8.898887411040667,15.88237026040597
5799,2008-09-16 12:00:00+00:00,10.39563732367176,14.941789739208833
5800,2008-09-16 12:19:59.999999+00:00,11.45020398311556,13.696240337368781
5801,2008-09-16 12:39:59.999998+00:00,12.02018017668612,12.185626269579213
5802,2008-09-16 12:59:59.999997+00:00,12.084960908939115,10.46181361824853
5803,2008-09-16 13:19:59.999996+00:00,11.648213575137335,8.584613848828468
5804,2008-09-16 13:40:00.000004+00:00,10.73723842052556,6.617046702205265
5805,2008-09-16 14:00:00.000003+00:00,9.399370186485083,4.62077615216355
5806,2008-09-16 14:20:00.000002+00:00,7.69622663972299,2.6525417906418567
5807,2008-09-16 14:40:00.000001+00:00,5.697065487776091,0.7621396128507021
5808,2008-09-16 15:00:00+00:00,3.4726560655378576,-1.0078910783189654
5809,2008-09-16 15:19:59.999999+00:00,1.0908721949693865,-2.621144365745585
5810,2008-09-16 15:39:59.999998+00:00,-1.385280076096704,-4.045406546611484
5811,2008-09-16 15:59:59.999997+00:00,-3.8971461494507946,-5.250699672100311
5812,2008-09-16 16:19:59.999996+00:00,-6.388025472089266,-6.208086519726093
5813,2008-09-16 16:40:00.000004+00:00,-8.799994595327252,-6.889784387196418
5814,2008-09-16 17:00:00.000003+00:00,-11.071257090542169,-7.270762228199255
5815,2008-09-16 17:20:00.000002+00:00,-13.135188340245756,-7.331572542491532
5816,2008-09-16 17:40:00.000001+00:00,-14.921798071905187,-7.061804519063939
5817,2008-09-16 18:00:00+00:00,-16.361692955585593,-6.463330806917418
5818,2008-09-16 18:19:59.999999+00:00,-17.391947274171184,-5.552512394666694
5819,2008-09-16 18:39:59.999998+00:00,-17.962751871717877,-4.36072809953748
5820,2008-09-16 18:59:59.999997+00:00,-18.04344670840267,-2.9329583001119675
5821,2008-09-16 19:19:59.999996+00:00,-17.62661890220593,-1.3245871135703142
5822,2008-09-16 19:40:00.000004+00:00,-16.729348878236486,0.40301328819871163
5823,2008-09-16 20:00:00.000003+00:00,-15.391314771625385,2.187288001659642
5824,2008-09-16 20:20:00.000002+00:00,-13.670164293134574,3.9688004951728413
5825,2008-09-16 20:40:00.000001+00:00,-11.635161755839011,5.694285154801015
5826,2008-09-16 21:00:00+00:00,-9.360468273249532,7.31803315820447
5827,2008-09-16 21:19:59.999999+00:00,-6.919429975173268,8.801614456744907
5828,2008-09-16 21:39:59.999998+00:00,-4.380930405483825,10.112348677466443
5829,2008-09-16 21:59:59.999997+00:00,-1.808291029489062,11.221234316100396
5830,2008-09-16 22:19:59.999996+00:00,0.7394777732210798,12.101155238441416
5831,2008-09-16 22:40:00.000004+00:00,3.204890036405308,12.726078685208941
5832,2008-09-16 23:00:00.000003+00:00,5.528876510305029,13.071668238363499
5833,2008-09-16 23:20:00.000002+00:00,7.648650001404191,13.117331316991633
5834,2008-09-16 23:40:00.000001+00:00,9.497578549437684,12.849307216179534
5835,2008-09-17 00:00:00+00:00,11.007567962569706,12.264083258928856
5836,2008-09-17 00:19:59.999999+00:00,12.11378255962194,11.371284847110491
5837,2008-09-17 00:39:59.999998+00:00,12.760890647625288,10.195257298209109
5838,2008-09-17 00:59:59.999997+00:00,12.909571787240166,8.774827109633836
5839,2008-09-17 01:19:59.999996+00:00,12.541880957773143,7.161131459189146
5840,2008-09-17 01:40:00.000004+00:00,11.664267719087865,5.41383924252059
5841,2008-09-17 02:00:00.000003+00:00,10.307548566518214,3.5964462020518866
5842,2008-09-17 02:20:00.000002+00:00,8.523804491283014,1.7715231408557282
5843,2008-09-17 02:40:00.000001+00:00,6.380857592243039,-0.003219074574635883
5844,2008-09-17 03:00:00+00:00,3.9555019963895646,-1.6774060979421295
5845,2008-09-17 03:19:59.999999+00:00,1.326897271658967,-3.2087494510804273
5846,2008-09-17 03:39:59.999998+00:00,-1.4285791039173628,-4.5622297327203
5847,2008-09-17 03:59:59.999997+00:00,-4.240149573620997,-5.708254106428658
5848,2008-09-17 04:19:59.999996+00:00,-7.042886540205856,-6.620562935700828
5849,2008-09-17 04:40:00.000004+00:00,-9.775833977273956,-7.274691061166564
5850,2008-09-17 05:00:00.000003+00:00,-12.378994337101062,-7.64761059098413
5851,2008-09-17 05:20:00.000002+00:00,-14.790463534411511,-7.718838757016308
5852,2008-09-17 05:40:00.000001+00:00,-16.944949774417186,-7.47287465664745
5853,2008-09-17 06:00:00+00:00,-18.774540173831525,-6.902438818877319
5854,2008-09-17 06:19:59.999999+00:00,-20.21197654253576,-6.011728923592502
5855,2008-09-17 06:39:59.999998+00:00,-21.196020405172987,-4.818840649243957
5856,2008-09-17 06:59:59.999997+00:00,-21.677899461411688,-3.3566524937595377
5857,2008-09-17 07:19:59.999996+00:00,-21.62748257632148,-1.6718013232458415
5858,2008-09-17 07:40:00.000004+00:00,-21.037816052272735,0.17819831568013544
5859,2008-09-17 08:00:00.000003+00:00,-19.926977281512883,2.1292198828693687
5860,2008-09-17 08:20:00.000002+00:00,-18.336783451660843,4.115396412760357
5861,2008-09-17 08:40:00.000001+00:00,-16.328590424185442,6.073698020703387
5862,2008-09-17 09:00:00+00:00,-13.97705783066668,7.947410679086066
5863,2008-09-17 09:19:59.999999+00:00,-11.363182934481545,9.687998548216019
5864,2008-09-17 09:39:59.999998+00:00,-8.568013434984962,11.255238556453754
5865,2008-09-17 09:59:59.999997+00:00,-5.668213601128179,12.61593982805133
5866,2008-09-17 10:19:59.999996+00:00,-2.7341390860160617,13.741896455910638
5867,2008-09-17 10:40:00.000004+00:00,0.1695930321929543,14.6078853937024
5868,2008-09-17 11:00:00.000003+00:00,2.9817050419701396,15.190473350474171
5869,2008-09-17 11:20:00.000002+00:00,5.641165664124063,15.468149019971952
5870,2008-09-17 11:40:00.000001+00:00,8.08470890243572,15.422914125423485
5871,2008-09-17 12:00:00+00:00,10.24609764914309,15.04304551813619
5872,2008-09-17 12:19:59.999999+00:00,12.057793832043176,14.326388189223488
5873,2008-09-17 12:39:59.999998+00:00,13.455046059113958,13.283345492604681
5874,2008-09-17 12:59:59.999997+00:00,14.38173956099676,11.938748460286005
5875,2008-09-17 13:19:59.999996+00:00,14.796840736437643,10.332008338098992
5876,2008-09-17 13:40:00.000004+00:00,14.68003933137868,8.515332128122136
5877,2008-09-17 14:00:00.000003+00:00,14.03530634035647,6.550216432666263
5878,2008-09-17 14:20:00.000002+00:00,12.891517387183416,4.502823608320304
5879,2008-09-17 14:40:00.000001+00:00,11.29993508986791,2.4390893707723924
5880,2008-09-17 15:00:00+00:00,9.3290407104588,0.4204524224012012
5881,2008-09-17 15:19:59.999999+00:00,7.0577834281939955,-1.4990752905128772
5882,2008-09-17 15:39:59.999998+00:00,4.568632529911575,-3.2741209081876805
5883,2008-09-17 15:59:59.999997+00:00,1.9417967939191012,-4.867494552121153
5884,2008-09-17 16:19:59.999996+00:00,-0.7483770541559513,-6.248517430652569
5885,2008-09-17 16:40:00.000004+00:00,-3.434407026775707,-7.390866530709973
5886,2008-09-17 17:00:00.000003+00:00,-6.054344481709389,-8.270756438660847
5887,2008-09-17 17:20:00.000002+00:00,-8.548975577162192,-8.866152564213191
5888,2008-09-17 17:40:00.000001+00:00,-10.858792494772464,-9.15740336459484
5889,2008-09-17 18:00:00+00:00,-12.922015730616002,-9.129269783974912
5890,2008-09-17 18:19:59.999999+00:00,-14.674656958768768,-8.77392228299967
5891,2008-09-17 18:39:59.999998+00:00,-16.053057903903998,-8.09417335304512
5892,2008-09-17 18:59:59.999997+00:00,-16.99866426025795,-7.106093862281502
5893,2008-09-17 19:19:59.999996+00:00,-17.464166388913007,-5.840256450126297
5894,2008-09-17 19:40:00.000004+00:00,-17.41971854042049,-4.341136917482043
5895,2008-09-17 20:00:00.000003+00:00,-16.857844477255505,-2.664614026254731
5896,2008-09-17 20:20:00.000002+00:00,-15.795876702584415,-0.8739389108807263
5897,2008-09-17 20:40:00.000001+00:00,-14.275302652411195,0.965109583281957
5898,2008-09-17 21:00:00+00:00,-12.358074624153698,2.7889930543984818
5899,2008-09-17 21:19:59.999999+00:00,-10.120612481698192,4.540254026021954
5900,2008-09-17 21:39:59.999998+00:00,-7.646723438848023,6.169820235774563
5901,2008-09-17 21:59:59.999997+00:00,-5.02086002108731,7.637548894066098
5902,2008-09-17 22:19:59.999996+00:00,-2.322987796175527,8.911217900061999
5903,2008-09-17 22:40:00.000004+00:00,0.37412035494508156,9.964539287453814
5904,2008-09-17 23:00:00.000003+00:00,3.0049937807645675,10.77498586078746
5905,2008-09-17 23:20:00.000002+00:00,5.509481528011427,11.322230295347941
5906,2008-09-17 23:40:00.000001+00:00,7.829714385861214,11.587797037014829
